date,tournament,home,away,neutral,p_home_win,p_draw,p_away_win,exp_home,exp_away,most_likely_score,favourite,fav_prob
2026-07-04,Nations Championship,New Zealand,France,False,0.7178,0.0198,0.2623,32.0,21.9,32-22,New Zealand,0.7178
2026-07-04,Nations Championship,Japan,Italy,False,0.3584,0.0226,0.6191,21.8,27.3,22-27,Italy,0.6191
2026-07-04,Nations Championship,Australia,Ireland,False,0.384,0.023,0.5929,20.4,24.9,20-25,Ireland,0.5929
2026-07-04,Nations Championship,Fiji,Wales,False,0.6215,0.0225,0.356,25.3,19.6,25-20,Fiji,0.6215
2026-07-04,Nations Championship,South Africa,England,False,0.8339,0.0145,0.1516,35.9,19.1,36-19,South Africa,0.8339
2026-07-04,Nations Championship,Argentina,Scotland,False,0.7212,0.0197,0.259,31.6,21.2,32-21,Argentina,0.7212
2026-07-11,Nations Championship,New Zealand,Italy,False,0.9011,0.01,0.0889,36.1,14.1,36-14,New Zealand,0.9011
2026-07-11,Nations Championship,Australia,France,False,0.0857,0.0097,0.9046,17.6,40.0,18-40,France,0.9046
2026-07-11,Nations Championship,Japan,Ireland,False,0.0349,0.0049,0.9602,17.5,47.4,18-47,Ireland,0.9602
2026-07-11,Nations Championship,Fiji,England,False,0.3718,0.0228,0.6054,27.2,32.2,27-32,England,0.6054
2026-07-11,Nations Championship,South Africa,Scotland,False,0.8137,0.0156,0.1707,37.0,21.6,37-22,South Africa,0.8137
2026-07-11,Nations Championship,Argentina,Wales,False,0.8405,0.0141,0.1454,30.4,13.3,30-13,Argentina,0.8405
2026-07-18,Nations Championship,South Africa,Wales,False,0.9883,0.0017,0.01,48.1,9.6,48-10,South Africa,0.9883
2026-07-18,Nations Championship,Fiji,Scotland,False,0.4004,0.0233,0.5763,25.8,29.5,26-29,Scotland,0.5763
2026-07-18,Nations Championship,Argentina,England,False,0.7136,0.02,0.2664,31.6,21.7,32-22,Argentina,0.7136
2026-07-18,Nations Championship,Japan,France,False,0.0329,0.0046,0.9625,16.9,47.1,17-47,France,0.9625
2026-07-18,Nations Championship,New Zealand,Ireland,False,0.5909,0.023,0.3861,26.7,22.4,27-22,New Zealand,0.5909
2026-07-18,Nations Championship,Australia,Italy,False,0.717,0.0199,0.2632,25.5,15.4,26-15,Australia,0.717
2026-11-06,Nations Championship,Ireland,Argentina,False,0.7432,0.0189,0.238,33.9,22.5,34-23,Ireland,0.7432
2026-11-07,Nations Championship,Italy,South Africa,False,0.0693,0.0083,0.9224,13.3,37.6,13-38,South Africa,0.9224
2026-11-07,Nations Championship,Scotland,New Zealand,False,0.4281,0.0236,0.5483,25.5,28.0,25-28,New Zealand,0.5483
2026-11-07,Nations Championship,Wales,Japan,False,0.5423,0.0236,0.4341,27.2,24.9,27-25,Wales,0.5423
2026-11-07,Nations Championship,France,Fiji,False,0.9016,0.01,0.0885,38.8,16.7,39-17,France,0.9016
2026-11-08,Nations Championship,England,Australia,False,0.6642,0.0215,0.3143,28.7,21.1,29-21,England,0.6642
2026-11-13,Nations Championship,France,South Africa,False,0.4897,0.0238,0.4865,27.3,27.3,27-27,France,0.4897
2026-11-14,Nations Championship,Ireland,Fiji,False,0.9299,0.0077,0.0624,40.8,15.6,41-16,Ireland,0.9299
2026-11-14,Nations Championship,England,Japan,False,0.9166,0.0088,0.0746,36.4,12.8,36-13,England,0.9166
2026-11-14,Nations Championship,Italy,Argentina,False,0.3418,0.0222,0.636,23.8,30.1,24-30,Argentina,0.636
2026-11-14,Nations Championship,Wales,New Zealand,False,0.0359,0.005,0.9591,14.7,44.3,15-44,New Zealand,0.9591
2026-11-15,Nations Championship,Scotland,Australia,False,0.6521,0.0218,0.326,29.6,22.6,30-23,Scotland,0.6521
2026-11-21,Nations Championship,France,Argentina,False,0.7026,0.0204,0.277,33.5,24.1,34-24,France,0.7026
2026-11-21,Nations Championship,England,New Zealand,False,0.4333,0.0236,0.543,25.6,28.0,26-28,New Zealand,0.543
2026-11-21,Nations Championship,Scotland,Japan,False,0.8926,0.0106,0.0968,36.9,15.6,37-16,Scotland,0.8926
2026-11-21,Nations Championship,Ireland,South Africa,False,0.4355,0.0236,0.5409,24.6,26.8,25-27,South Africa,0.5409
2026-11-21,Nations Championship,Italy,Fiji,False,0.6568,0.0217,0.3215,27.4,20.1,27-20,Italy,0.6568
2026-11-21,Nations Championship,Wales,Australia,False,0.3456,0.0223,0.6321,23.4,29.5,23-29,Australia,0.6321
